RANGERDIST,REGION,FORESTNUMB,DISTRICTNU,DISTRICTOR,FORESTNAME,DISTRICTNA,GIS_ACRES,SHAPE_AREA,SHAPE_LEN
99021207010343,02,12,07,021207,Pike and San Isabel National Forests,Cimarron Ranger District,341728.55,0.140247657498,1.77512805541
99020609010343,02,06,09,020609,Medicine Bow-Routt National Forest,Douglas Ranger District/Thunder Basin National Grassland,2258381.231,1.01605695839,11.1835079647
99020602010343,02,06,02,020602,Medicine Bow-Routt National Forest,Brush Creek-Hayden Ranger District,580315.38,0.25218652346,5.02804490922
99020605010343,02,06,05,020605,Medicine Bow-Routt National Forest,Laramie Ranger District,370367.716,0.160924895143,3.49827323172
99021206010343,02,12,06,021206,Pike and San Isabel National Forests,Comanche Ranger District,1122279.791,0.461795486796,7.07725464851
99021203010343,02,12,03,021203,Pike and San Isabel National Forests,San Carlos Ranger District,422064.956,0.174980733197,6.39055030319
99021209010343,02,12,09,021209,Pike and San Isabel National Forests,Pikes Peak Ranger District,282988.744,0.119024702208,2.80003271667
99020904010343,02,09,04,020904,Rio Grande National Forest,Divide Ranger District,1010662.796,0.417934329035,4.92235966825
99020907010343,02,09,07,020907,Rio Grande National Forest,Saguache Ranger District,528003.116,0.219482791266,6.66848789708
99021306010343,02,13,06,021306,San Juan National Forest,Pagosa Ranger District,698223.17,0.287320789096,4.06500466857
99020903010343,02,09,03,020903,Rio Grande National Forest,Conejos Peak Ranger District,398614.201,0.163823420916,3.51022169392
99020601010343,02,06,01,020601,Medicine Bow-Routt National Forest,Yampa Ranger District,394695.698,0.168838310546,4.23459376595
99020603010343,02,06,03,020603,Medicine Bow-Routt National Forest,Hahns Peak-Bears Ears Ranger District,500007.384,0.215669709838,4.18278243824
99020407010343,02,04,07,020407,"Grand Mesa, Uncompahgre and Gunnison National Forests",Gunnison Ranger District,1357829.891,0.567664144546,11.7357469179
99020604010343,02,06,04,020604,Medicine Bow-Routt National Forest,Parks Ranger District,489062.49,0.210538177334,6.1829282259
99031006010343,03,10,06,031006,Santa Fe National Forest,Espanola Ranger District,366235.521,0.147988856401,4.51512876168
99031003010343,03,10,03,031003,Santa Fe National Forest,Jemez Ranger District,245636.817,0.0990802030786,2.1056342479
99031005010343,03,10,05,031005,Santa Fe National Forest,Pecos-Las Vegas Ranger District,546995.958,0.220327273667,4.66652264885
99020701010343,02,07,01,020701,Nebraska National Forest,Bessey Ranger District,206784.049,0.0914202381394,2.33782383684
99020702010343,02,07,02,020702,Nebraska National Forest,Pine Ridge Ranger District,355082.883,0.158168285482,4.05436417709
99020706010343,02,07,06,020706,Nebraska National Forest,Wall Ranger District,486982.822,0.220481069938,5.93660745822
99021006010343,02,10,06,021006,Arapaho and Roosevelt National Forests,Pawnee Ranger District,768181.308,0.331694545255,3.50197580771
99021404010343,02,14,04,021404,Shoshone National Forest,Wapiti Ranger District,785010.804,0.358442578057,5.16833377652
99021403010343,02,14,03,021403,Shoshone National Forest,Washakie Ranger District,320076.132,0.142529759748,3.21424824339
99021405010343,02,14,05,021405,Shoshone National Forest,Wind River Ranger District,546616.543,0.246731789106,4.80988263532
99021402010343,02,14,02,021402,Shoshone National Forest,Greybull Ranger District,310929.437,0.141111382281,2.51129357943
99021401010343,02,14,01,021401,Shoshone National Forest,Clarks Fork Ranger District,506591.223,0.233264080017,2.51788840183
99021502010343,02,15,02,021502,White River National Forest,Blanco Ranger District,366186.389,0.156244431207,3.89281307842
99021201010343,02,12,01,021201,Pike and San Isabel National Forests,Leadville Ranger District,304771.907,0.128441811776,4.01112951889
99021211010343,02,12,11,021211,Pike and San Isabel National Forests,South Platte Ranger District,450225.882,0.190394055709,3.58168716887
99021501010343,02,15,01,021501,White River National Forest,Aspen Ranger District,274937.843,0.115934078285,2.50182783605
99021508010343,02,15,08,021508,White River National Forest,Rifle Ranger District,313949.264,0.133173995364,4.45586234691
99020402010343,02,04,02,020402,"Grand Mesa, Uncompahgre and Gunnison National Forests",Grand Valley Ranger District,557615.285,0.234407600899,5.73309197271
99021210010343,02,12,10,021210,Pike and San Isabel National Forests,South Park Ranger District,540672.854,0.227959270387,5.99833157944
99021504010343,02,15,04,021504,White River National Forest,Eagle Ranger District,321630.685,0.136634435691,3.66188545317
99020408010343,02,04,08,020408,"Grand Mesa, Uncompahgre and Gunnison National Forests",Paonia Ranger District,479972.689,0.201680300689,4.64092795326
99021503010343,02,15,03,021503,White River National Forest,Sopris Ranger District,433142.955,0.182974191361,4.34483524026
99021507010343,02,15,07,021507,White River National Forest,Holy Cross Ranger District,382909.648,0.162501564082,2.41505684512
99030501010343,03,05,01,030501,Coronado National Forest,Douglas Ranger District,433953.616,0.167201911053,3.96319979777
99030502010343,03,05,02,030502,Coronado National Forest,Nogales Ranger District,352558.372,0.135556349219,2.91916833107
99030505010343,03,05,05,030505,Coronado National Forest,Santa Catalina Ranger District,265840.843,0.103059224933,2.59047738384
99030504010343,03,05,04,030504,Coronado National Forest,Safford Ranger District,411205.764,0.159942161364,3.99910629281
99030306010343,03,03,06,030306,Cibola National Forest,Black Kettle National Grassland,244496.509,0.0984937395625,1.69453016135
99030204010343,03,02,04,030204,Carson National Forest,Camino Real Ranger District,339458.733,0.137646992985,2.66167590124
99011404010343,01,14,04,011404,Kootenai National Forest,Three Rivers Ranger District,663494.072,0.327765364996,4.71608883401
99011407010343,01,14,07,011407,Kootenai National Forest,Cabinet Ranger District,468474.579,0.228174118734,4.87899884496
99011403010343,01,14,03,011403,Kootenai National Forest,Fortine Ranger District,281616.238,0.139339820761,5.78298740679
99011405010343,01,14,05,011405,Kootenai National Forest,Libby Ranger District,877072.728,0.430275499586,11.5061092626
99011401010343,01,14,01,011401,Kootenai National Forest,Rexford Ranger District,331384.725,0.164041306984,2.92938724762
99010208010343,01,02,08,010208,Beaverhead-Deerlodge National Forest,Pintler Ranger District,731209.943,0.345343449199,7.71927458612
99011202010343,01,15,12,011512,Helena-Lewis and Clark National Forest,Helena Ranger District,454533.721,0.216055137499,5.79828063357
99011201010343,01,15,11,011511,Helena-Lewis and Clark National Forest,Townsend Ranger District,372748.345,0.176718726743,4.69758794762
99010206010343,01,02,06,010206,Beaverhead-Deerlodge National Forest,Madison Ranger District,751356.578,0.347325177395,6.90289998288
99010201010343,01,02,01,010201,Beaverhead-Deerlodge National Forest,Dillon Ranger District,579820.223,0.267801974758,9.35594760706
99010203010343,01,02,03,010203,Beaverhead-Deerlodge National Forest,Wisdom Ranger District,875879.976,0.409117409492,8.07000553493
99011204010343,01,15,14,011514,Helena-Lewis and Clark National Forest,Lincoln Ranger District,347958.056,0.166586587428,5.03449228275
99011705010343,01,17,05,011705,Nez Perce-Clearwater National Forest,Red River Ranger District,781579.116,0.365370189252,4.11528828709
99011706010343,01,17,06,011706,Nez Perce-Clearwater National Forest,Moose Creek Ranger District,822617.032,0.387315184399,4.64790025508
99011603010343,01,16,03,011603,Lolo National Forest,Missoula Ranger District,622417.735,0.296479158371,7.72296071704
99011606010343,01,16,06,011606,Lolo National Forest,Seeley Lake Ranger District,439006.446,0.210894803655,4.68470382201
99011607010343,01,16,07,011607,Lolo National Forest,Superior Ranger District,517194.584,0.248737497055,6.48215429158
99010503010343,01,17,53,011753,Nez Perce-Clearwater National Forest,North Fork Ranger District,777996.793,0.370484935613,4.34069525018
99010505010343,01,17,55,011755,Nez Perce-Clearwater National Forest,Lochsa/Powell Ranger District,951467.679,0.450529955828,5.67773186643
99010803010343,01,11,83,011183,Custer Gallatin National Forest,Sioux Ranger District,176981.823,0.0826500684567,5.27344665941
99010804010343,01,11,84,011184,Custer Gallatin National Forest,Ashland Ranger District,501821.077,0.233446898554,3.96568081247
99010802010343,01,11,82,011182,Custer Gallatin National Forest,Beartooth Ranger District,603730.385,0.279894250235,4.60173910056
99011001010343,01,10,01,011001,Flathead National Forest,Swan Lake Ranger District,518181.091,0.251403061554,8.81918553432
99011006010343,01,10,06,011006,Flathead National Forest,Hungry Horse Ranger District,453086.814,0.222066585737,3.36677379755
99011004010343,01,10,04,011004,Flathead National Forest,Spotted Bear Ranger District,1037183.432,0.503372042037,4.97764369662
99011008010343,01,10,08,011008,Flathead National Forest,Tally Lake Ranger District,299450.605,0.147095209137,4.75604457699
99011007010343,01,10,07,011007,Flathead National Forest,Glacier View Ranger District,343791.415,0.170080194141,3.59008226968
99011701010343,01,17,01,011701,Nez Perce-Clearwater National Forest,Salmon River Ranger District,532828.404,0.248874285204,4.18592705296
99010303010343,01,03,03,010303,Bitterroot National Forest,Sula Ranger District,248532.299,0.11654569473,2.27936358748
99010301010343,01,03,01,010301,Bitterroot National Forest,Stevensville Ranger District,251492.542,0.119166916445,3.90349909774
99010304010343,01,03,04,010304,Bitterroot National Forest,West Fork Ranger District,793460.218,0.371026502117,5.09561563082
99010401010343,01,04,03,010403,Idaho Panhandle National Forests,Coeur d'Alene River Ranger District,807892.13,0.391967951005,6.37353635755
99010302010343,01,03,02,010302,Bitterroot National Forest,Darby Ranger District,371027.406,0.174657048112,4.47201005842
99011106010343,01,11,06,011106,Custer Gallatin National Forest,Bozeman Ranger District,560165.774,0.261008887742,6.02365268019
99011103010343,01,11,03,011103,Custer Gallatin National Forest,Gardiner Ranger District,419530.53,0.194099989218,4.69552200182
99011107010343,01,11,07,011107,Custer Gallatin National Forest,Hebgen Lake Ranger District,355699.127,0.163908988437,2.44890734968
99011605010343,01,16,05,011605,Lolo National Forest,Plains/Thompson Falls Ranger District,575162.798,0.278590516484,10.061019213
99011604010343,01,16,04,011604,Lolo National Forest,Ninemile Ranger District,471675.401,0.225695267868,6.07226956998
99010402010343,01,04,04,010404,Idaho Panhandle National Forests,St. Joe Ranger District,870590.024,0.417818083087,11.5426632025
99010502010343,01,17,52,011752,Nez Perce-Clearwater National Forest,Palouse Ranger District,206306.133,0.0986285065607,6.44199121551
99010408010343,01,04,08,010408,Idaho Panhandle National Forests,Priest Lake Ranger District,382556.164,0.188752320671,3.60615211132
99010406010343,01,04,06,010406,Idaho Panhandle National Forests,Sandpoint Ranger District,393502.657,0.192754539254,8.3814675042
99010407010343,01,04,07,010407,Idaho Panhandle National Forests,Bonners Ferry Ranger District,488801.14,0.242135878056,5.56872354159
99030106010343,03,01,06,030106,Apache-Sitgreaves National Forests,Springerville Ranger District,273662.171,0.108097287127,2.59922370581
99030107010343,03,01,07,030107,Apache-Sitgreaves National Forests,Lakeside Ranger District,270459.087,0.107131352391,2.15684931898
99030905010343,03,09,05,030905,Prescott National Forest,Verde Ranger District,327243.298,0.130008279893,2.30207144665
99030901010343,03,09,01,030901,Prescott National Forest,Chino Valley Ranger District,646077.646,0.257892747907,4.41550879168
99030903010343,03,09,03,030903,Prescott National Forest,Bradshaw Ranger District,438229.236,0.173890234958,2.77404985487
99031201010343,03,12,01,031201,Tonto National Forest,Cave Creek Ranger District,611250.75,0.241467318556,2.54949078936
99030604010343,03,06,04,030604,Gila National Forest,Glenwood Ranger District,525643.051,0.206016316735,3.37110057915
99030103010343,03,01,03,030103,Apache-Sitgreaves National Forests,Clifton Ranger District,500626.658,0.196156251303,2.36042194211
99030101010343,03,01,01,030101,Apache-Sitgreaves National Forests,Alpine Ranger District,449398.47,0.17694261923,2.21977762005
99030603010343,03,06,03,030603,Gila National Forest,Quemado Ranger District,603228.699,0.238212397753,2.9663013053
99030406010343,03,04,06,030406,Coconino National Forest,Red Rock Ranger District,537233.208,0.213904244076,4.00214592577
99030704010343,03,07,04,030704,Kaibab National Forest,Tusayan Ranger District,331598.85,0.133960534543,2.24564613278
99030703010343,03,07,03,030703,Kaibab National Forest,North Kaibab Ranger District,655892.332,0.26724853391,3.81281750225
99030701010343,03,07,01,030701,Kaibab National Forest,Williams Ranger District,593897.441,0.238091473391,3.21728300938
99030802010343,03,08,02,030802,Lincoln National Forest,Sacramento Ranger District,549067.41,0.213959533962,2.68679399873
99030801010343,03,08,01,030801,Lincoln National Forest,Smokey Bear Ranger District,423760.009,0.166514897758,4.48972243532
99030605010343,03,06,05,030605,Gila National Forest,Wilderness Ranger District,685129.042,0.268061305508,3.09147418093
99030607010343,03,06,07,030607,Gila National Forest,Silver City Ranger District,405760.365,0.158083948022,4.66092258402
99030302010343,03,03,02,030302,Cibola National Forest,Mount Taylor Ranger District,653689.684,0.262049922125,4.9481394721
99030303010343,03,03,03,030303,Cibola National Forest,Magdalena Ranger District,1076878.38,0.425428073703,6.03623070611
99030305010343,03,03,05,030305,Cibola National Forest,Sandia Ranger District,121609.824,0.0486621983689,1.37823516382
99051456010343,05,14,56,051456,Shasta-Trinity National Forest,Weaverville Ranger District,435074.814,0.18838716587,2.69766000342
99051652010343,05,16,52,051652,Stanislaus National Forest,Calaveras Ranger District,329506.559,0.13748563445,3.54755069209
99051653010343,05,16,53,051653,Stanislaus National Forest,Summit Ranger District,308933.842,0.128710955201,1.94834862378
99051551010343,05,15,51,051551,Sierra National Forest,Bass Lake Ranger District,482227.062,0.198718185004,3.97872150698
99051651010343,05,16,51,051651,Stanislaus National Forest,Mi-Wok Ranger District,209918.126,0.0872126206461,2.27132944346
99051654010343,05,16,54,051654,Stanislaus National Forest,Groveland Ranger District,241995.66,0.100230464559,2.69678513141
99051458010343,05,14,58,051458,Shasta-Trinity National Forest,Shasta Lake Ranger District,435937.04,0.188554521465,3.60747985455
99051459010343,05,14,59,051459,Shasta-Trinity National Forest,Mt. Shasta Ranger District,383604.49,0.166720533004,6.42689178266
b38c20d7-81d6-4918-99ce-c4cc93004f5f,05,05,54,050554,Klamath National Forest,Salmon River Ranger District,371773.336,0.161647389144,2.2390455281
99030602010343,03,06,02,030602,Gila National Forest,Black Range Ranger District,556756.743,0.218140973859,4.03020270246
99030606010343,03,06,06,030606,Gila National Forest,Reserve Ranger District,612876.151,0.241071299638,2.9415860724
99050252010343,05,02,52,050252,Cleveland National Forest,Trabuco Ranger District,160639.873,0.063188886027,1.42679370624
99021001010343,02,10,01,021001,Arapaho and Roosevelt National Forests,Boulder Ranger District,246023.064,0.105076917365,2.33974706915
99020206010343,02,02,06,020206,Bighorn National Forest,Tongue Ranger District,414078.092,0.190194563806,3.28728763287
23010724,02,02,01,020201,Bighorn National Forest,Powder River Ranger District,334338.557,0.152435112151,2.32063623009
99020709010343,02,07,09,020709,Nebraska National Forest,Ft. Pierre Ranger District,209044.225,0.0951492115749,1.45551764218
99020203010343,02,02,03,020203,Bighorn National Forest,Medicine Wheel Ranger District,364531.179,0.167408442207,3.44842937401
99020303010343,02,03,03,020303,Black Hills National Forest,Hell Canyon Ranger District,601675.87,0.271818798059,7.40782954953
99020301010343,02,03,01,020301,Black Hills National Forest,Bearlodge Ranger District,202623.956,0.0927126992447,6.30231713127
99020306010343,02,03,06,020306,Black Hills National Forest,Mystic Ranger District,357436.169,0.162297997137,3.20127838269
99020405010343,02,04,05,020405,"Grand Mesa, Uncompahgre and Gunnison National Forests",Norwood Ranger District,393437.67,0.163553248795,4.76145401384
99021202010343,02,12,02,021202,Pike and San Isabel National Forests,Salida Ranger District,504261.802,0.211144576479,4.93751998057
99021305010343,02,13,05,021305,San Juan National Forest,Mancos/Dolores Ranger District,632803.885,0.261437410938,4.29848972686
99030408010343,03,04,08,030408,Coconino National Forest,Flagstaff Ranger District,945954.92,0.378830355992,5.02440156125
99030203010343,03,02,03,030203,Carson National Forest,Jicarilla Ranger District,157892.421,0.0645112373107,1.41098167913
99030207010343,03,02,07,030207,Carson National Forest,Questa Ranger District,276275.916,0.112754779317,2.38439819661
99030307010343,03,03,07,030307,Cibola National Forest,Kiowa/Rita Blanca National Grasslands,863345.692,0.350884589679,5.61185604069
99031206010343,03,12,06,031206,Tonto National Forest,Tonto Basin Ranger District,538716.442,0.212213351887,3.4875657924
99031202010343,03,12,02,031202,Tonto National Forest,Globe Ranger District,471080.482,0.184931188696,3.47521400174
99031203010343,03,12,03,031203,Tonto National Forest,Mesa Ranger District,444806.103,0.17486934058,2.86850841597
99031204010343,03,12,04,031204,Tonto National Forest,Payson Ranger District,463372.799,0.183568201444,3.18430473925
99030407010343,03,04,07,030407,Coconino National Forest,Mogollon Rim Ranger District,517763.71,0.206001126719,3.42781126043
99031205010343,03,12,05,031205,Tonto National Forest,Pleasant Valley Ranger District,437190.566,0.172713082201,2.28296177657
99030803010343,03,08,03,030803,Lincoln National Forest,Guadalupe Ranger District,289126.405,0.112031576862,2.29774712155
99031002010343,03,10,02,031002,Santa Fe National Forest,Cuba Ranger District,254630.761,0.103223842023,3.14100071438
99041901010343,04,19,01,041901,Uinta-Wasatch-Cache National Forest,Salt Lake Ranger District,288042.889,0.124242460656,4.02168231655
99041904010343,04,19,04,041904,Uinta-Wasatch-Cache National Forest,Evanston-Mountain View Ranger District,494504.777,0.213827692972,3.38372994538
99041001010343,04,10,01,041001,Manti-La Sal National Forest,Sanpete Ranger District,259405.62,0.109804570488,3.82159099177
99030202010343,03,02,02,030202,Carson National Forest,El Rito Ranger District,280471.369,0.114081320942,2.26799051372
99030206010343,03,02,06,030206,Carson National Forest,Tres Piedras Ranger District,387716.83,0.158169092573,3.5580637892700002
99030201010343,03,02,01,030201,Carson National Forest,Canjilon Ranger District,150657.454,0.0612864397852,1.69477745038
99041003010343,04,10,03,041003,Manti-La Sal National Forest,Price Ranger District,278503.55,0.118302017536,2.63865619808
99041002010343,04,10,02,041002,Manti-La Sal National Forest,Ferron Ranger District,333253.278,0.140623086569,2.25674465042
99041903010343,04,19,03,041903,Uinta-Wasatch-Cache National Forest,Heber-Kamas Ranger District,536931.619,0.230651619381,4.27386432154
99041902010343,04,19,02,041902,Uinta-Wasatch-Cache National Forest,Pleasant Grove Ranger District,150637.616,0.0646674875682,1.56847947488
99041701010343,04,17,01,041701,Humboldt-Toiyabe National Forest,Carson Ranger District,601512.658,0.25316419163,6.76768731582
99041705010343,04,17,05,041705,Humboldt-Toiyabe National Forest,Spring Mountains National Recreation Area,322198.476,0.130775142369,2.48320297496
99041703010343,04,17,03,041703,Humboldt-Toiyabe National Forest,Austin-Tonopah Ranger District,2136703.98,0.897442405984,14.41434497
99041706010343,04,17,06,041706,Humboldt-Toiyabe National Forest,Mountain City-Ruby Mountains-Jarbidge Ranger District,1201311.923,0.52286397656,8.72466748182
99040204010343,04,02,04,040204,Boise National Forest,Cascade Ranger District,401299.858,0.18424070237,4.82658549452
99040206010343,04,02,06,040206,Boise National Forest,Emmett Ranger District,353824.781,0.161343823607,4.45335138887
99040203010343,04,02,03,040203,Boise National Forest,Idaho City Ranger District,568017.053,0.257392336595,3.95967219846
99040205010343,04,02,05,040205,Boise National Forest,Lowman Ranger District,468938.637,0.21380457335,2.97037674776
99041557010343,04,15,57,041557,Caribou-Targhee National Forest,Westside Ranger District,416464.192,0.18431393837,6.64334883625
99041555010343,04,15,55,041555,Caribou-Targhee National Forest,Soda Springs Ranger District,365213.738,0.162885163383,4.00932633331
99041553010343,04,15,53,041553,Caribou-Targhee National Forest,Montpelier Ranger District,428045.442,0.189261219275,4.00145077343
99040804010343,04,08,04,040804,Fishlake National Forest,Richfield Ranger District,460428.163,0.193006502903,4.51743520801
99040803010343,04,08,03,040803,Fishlake National Forest,Beaver Ranger District,313234.31,0.130683008798,1.85699255768
99040801010343,04,08,01,040801,Fishlake National Forest,Fillmore Ranger District,493437.687,0.20750735817,3.87917671915
99040102010343,04,01,02,040102,Ashley National Forest,Vernal Ranger District,341243.293,0.147168562651,2.37928614112
99040104010343,04,01,04,040104,Ashley National Forest,Duchesne Ranger District,365909.58,0.156710049361,4.04325741745
99040101010343,04,01,01,040101,Ashley National Forest,Flaming Gorge Ranger District,354282.47,0.153415905656,4.38375889731
99040103010343,04,01,03,040103,Ashley National Forest,Roosevelt Ranger District,339843.916,0.146459275124,2.13473379446
99041404010343,04,14,04,041404,Sawtooth National Forest,Sawtooth National Recreation Area,812157.722,0.369012380556,3.67460127612
99041403010343,04,14,03,041403,Sawtooth National Forest,Ketchum Ranger District,329684.966,0.148913528454,2.95562698671
99041401010343,04,14,01,041401,Sawtooth National Forest,Minidoka Ranger District,632639.529,0.278916055586,6.27593354868
99041405010343,04,14,05,041405,Sawtooth National Forest,Fairfield Ranger District,415658.195,0.187529785627,2.90430332683
99041307010343,04,13,07,041307,Salmon-Challis National Forest,North Fork Ranger District,775711.031,0.360410158641,5.84595625845
99041304010343,04,13,04,041304,Salmon-Challis National Forest,Lost River Ranger District,814856.348,0.369608138046,8.65485281959
99041301010343,04,13,01,041301,Salmon-Challis National Forest,Salmon-Cobalt Ranger District,642333.136,0.296893169452,5.28236459439
99041306010343,04,13,06,041306,Salmon-Challis National Forest,Middle Fork Ranger District,1031514.731,0.473662524715,4.43095878648
99041302010343,04,13,02,041302,Salmon-Challis National Forest,Challis-Yankee Fork Ranger District,802944.588,0.367132748127,9.20857930419
99041202010343,04,12,02,041202,Payette National Forest,Weiser Ranger District,121902.543,0.0559792584015,1.70751750926
99041203010343,04,12,03,041203,Payette National Forest,New Meadows Ranger District,287112.721,0.13292519172700001,3.02910897459
99041206010343,04,12,06,041206,Payette National Forest,Krassel Ranger District,1065746.278,0.493408378568,4.86486020107
99040802010343,04,08,02,040802,Fishlake National Forest,Fremont River Ranger District,521162.663,0.217334061792,4.1677661109
99061604010343,06,16,04,061604,Wallowa-Whitman National Forest,Hells Canyon National Recreation Area,25115.876,0.303112725345,4.62247527715
99041906010343,04,19,06,041906,Uinta-Wasatch-Cache National Forest,Ogden Ranger District,584697.682,0.254676674064,4.16678175066
99041551010343,04,15,51,041551,Caribou-Targhee National Forest,Dubois Ranger District,458231.422,0.209234323207,6.11129731287
99040701010343,04,07,01,040701,Dixie National Forest,Pine Valley Ranger District,480979.935,0.198251684668,3.04800665715
99041004010343,04,10,04,041004,Manti-La Sal National Forest,Moab Ranger District,174410.272,0.0728616732244,2.96334542213
99041005010343,04,10,05,041005,Manti-La Sal National Forest,Monticello Ranger District,368813.081,0.152678670571,2.76104762904
99041308010343,04,13,08,041308,Salmon-Challis National Forest,Leadore Ranger District,329007.067,0.151242002854,5.73616628745
99041201010343,04,12,01,041201,Payette National Forest,Council Ranger District,375483.132,0.172986342789,3.70953695163
99041204010343,04,12,04,041204,Payette National Forest,McCall Ranger District,557061.762,0.25811892163,4.40993382705
99041710010343,04,17,10,041710,Humboldt-Toiyabe National Forest,Santa Rosa Ranger District,300732.722,0.131676903762,2.49742216896
99041709010343,04,17,09,041709,Humboldt-Toiyabe National Forest,Ely Ranger District,1024430.667,0.431049373076,7.39907279919
99040703010343,04,07,03,040703,Dixie National Forest,Powell Ranger District,388877.841,0.16100355292,3.27560101884
99040702010343,04,07,02,040702,Dixie National Forest,Cedar City Ranger District,404452.469,0.167155687878,2.52478000139
99040704010343,04,07,04,040704,Dixie National Forest,Escalante Ranger District,436975.062,0.181131048657,2.89126017941
99021008010343,02,10,08,021008,Arapaho and Roosevelt National Forests,Sulphur Ranger District,434938.618,0.18569170164,5.28405591097
99021510010343,02,15,10,021510,White River National Forest,Dillon Ranger District,389954.25,0.165556416847,2.67054829015
99060702010343,06,07,02,060702,Ochoco National Forest,Paulina Ranger District,383582.797,0.175147504592,3.68615874796
99060705010343,06,07,05,060705,Ochoco National Forest,Crooked River National Grassland,173645.752,0.0795233530821,2.84290410234
99061002010343,06,10,20,061020,Rogue River-Siskiyou National Forests,Siskiyou Mountains Ranger District,231329.697,0.101808285373,2.34481677714
99060902010343,06,09,02,060902,Olympic National Forest,Hood Canal Ranger District/Quilcene,157090.125,0.0764124430209,1.62231114626
99060901010343,06,09,01,060901,Olympic National Forest,Hood Canal Ranger District/Hoodsport,227473.768,0.109852578864,2.4090404404
99060903010343,06,09,03,060903,Olympic National Forest,Pacific Ranger District/Quinault,147023.65,0.0709879448083,2.81251935317
99061406010343,06,14,06,061406,Umatilla National Forest,Walla Walla Ranger District,408273.007,0.191076315665,4.82362317534
99061404010343,06,14,04,061404,Umatilla National Forest,Pomeroy Ranger District,347550.629,0.163651338524,3.66503504432
99061402010343,06,14,02,061402,Umatilla National Forest,Heppner Ranger District,229818.382,0.106162957848,3.40966605842
99061705010343,06,17,05,061705,Okanogan-Wenatchee National Forest,Entiat Ranger District,276563.766,0.134529820708,5.1941051191
99060501010343,06,05,01,060501,Mt. Baker-Snoqualmie National Forest,Mt. Baker Ranger District,556067.476,0.274718466172,6.60785118974
99061703010343,06,17,03,061703,Okanogan-Wenatchee National Forest,Cle Elum Ranger District,477292.641,0.229783756128,5.60835774101
99060211010343,06,02,11,060211,Fremont-Winema National Forest,Chemult Ranger District,422191.888,0.188991793622,4.31962009136
99060213010343,06,02,13,060213,Fremont-Winema National Forest,Klamath Ranger District,203475.185,0.0901737380875,2.12759195721
99061006010343,06,10,24,061024,Rogue River-Siskiyou National Forests,High Cascades Ranger District,459259.698,0.204217767704,4.0798755384
99060212010343,06,02,12,060212,Fremont-Winema National Forest,Chiloquin Ranger District,475568.026,0.211278491764,7.35614761803
99060601010343,06,06,01,060601,Mt. Hood National Forest,Barlow Ranger District,178500.587,0.0828552297934,1.90220559935
99060605010343,06,06,05,060605,Mt. Hood National Forest,Clackamas River Ranger District,407078.556,0.188083521922,2.78575775329
99061606010343,06,16,06,061606,Wallowa-Whitman National Forest,La Grande Ranger District,459055.44,0.212733608399,8.96324534041
99061601010343,06,16,01,061601,Wallowa-Whitman National Forest,Whitman Ranger District,667191.623,0.306959738158,11.1323555061
99061803010343,06,18,03,061803,Willamette National Forest,Sweet Home Ranger District,230829.262,0.105602314503,2.71529030488
99061105010343,06,10,28,061028,Rogue River-Siskiyou National Forests,Powers Ranger District,162340.063,0.0722424113841,2.26830018845
99061103010343,06,10,26,061026,Rogue River-Siskiyou National Forests,Gold Beach Ranger District,490521.69,0.21694324375,3.46329296883
99061102010343,06,10,22,061022,Rogue River-Siskiyou National Forests,Wild Rivers Ranger District,509254.031,0.224890930748,4.86822186441
8a72025c-b0a1-418c-a84e-c8af88d14d12,06,07,01,060701,Ochoco National Forest,Lookout Mountain Ranger District,355546.464,0.162395034849,3.26272241664
99060404010343,06,04,04,060404,Malheur National Forest,Prairie City Ranger District,390485.678,0.178090725198,2.95189353604
99061208010343,06,12,08,061208,Siuslaw National Forest,Central Coast Ranger District-ODNRA,655884.037,0.298681052253,10.7069542868
99060201010343,06,02,01,060201,Fremont-Winema National Forest,Bly Ranger District,504323.706,0.223240209211,5.43820663168
99041554010343,04,15,54,041554,Caribou-Targhee National Forest,Palisades Ranger District,473274.94,0.212733984165,3.81590216763
99040303010343,04,03,03,040303,Bridger-Teton National Forest,Greys River Ranger District,485101.506,0.216239772445,3.50876384448
99090704010343,09,07,04,090704,Ottawa National Forest,Kenton Ranger District,264040.3,0.125228822956,2.10751305748
99092105010343,09,21,05,092105,Monongahela National Forest,Potomac Ranger District,291552.116,0.122424099996,2.87001049554
99090905010343,09,09,05,090905,Superior National Forest,Kawishiwi Ranger District,718380.367,0.349696107224,4.13799574432
99061804010343,06,18,04,061804,Willamette National Forest,Detroit Ranger District,323869.188,0.14876814142,2.50713192982
99060606010343,06,06,06,060606,Mt. Hood National Forest,Hood River Ranger District,207901.601,0.0967707763666,3.14104834916
99060401010343,06,04,01,060401,Malheur National Forest,Blue Mountain Ranger District,744118.579,0.340291617878,9.13103063637
99061405010343,06,14,05,061405,Umatilla National Forest,North Fork John Day Ranger District,512458.49,0.236689261585,6.52067781179
99062104010343,06,21,04,062104,Colville National Forest,Republic Ranger District,244492.446,0.120921479945,5.25210401062
99062103010343,06,21,03,062103,Colville National Forest,Newport Ranger District,257738.56,0.126615744293,3.66820429904
99041908010343,04,19,08,041908,Uinta-Wasatch-Cache National Forest,Spanish Fork Ranger District,489193.067,0.208851266128,4.40531573811
99041702010343,04,17,02,041702,Humboldt-Toiyabe National Forest,Bridgeport Ranger District,1117279.955,0.466288731493,5.58393595174
99020406010343,02,04,06,020406,"Grand Mesa, Uncompahgre and Gunnison National Forests",Ouray Ranger District,364342.48,0.151746839361,4.0704734482
99020705010343,02,07,05,020705,Nebraska National Forest,Fall River Ranger District,806962.416,0.362341028027,6.37196591307
99030102010343,03,01,02,030102,Apache-Sitgreaves National Forests,Black Mesa Ranger District,616541.5,0.244775289459,3.44562103523
99050956010343,05,09,56,050956,Modoc National Forest,Doublehead Ranger District,569835.483,0.24957898326,4.38777881706
99051101010343,05,11,01,051101,Plumas National Forest,Beckwourth Ranger District,492610.713,0.210099842627,6.47724643588
99061602010343,06,16,02,061602,Wallowa-Whitman National Forest,Wallowa Valley Ranger District,356827.437,0.166587744159,5.47316136153
99080813010343,08,08,13,080813,George Washington and Jefferson National Forest,Glenwood and Pedlar Ranger Districts,446751.139,0.184748837801,4.55588254578
99080814010343,08,08,14,080814,George Washington and Jefferson National Forest,Mount Rogers National Recreation Area,424127.322,0.173397844407,7.00722444528
99080803010343,08,08,03,080803,George Washington and Jefferson National Forest,James River Ranger District,359368.977,0.148742895922,2.41299845795
99060502010343,06,05,02,060502,Mt. Baker-Snoqualmie National Forest,Darrington Ranger District,565321.014,0.276680169529,4.91819406244
99061707010343,06,17,07,061707,Okanogan-Wenatchee National Forest,Wenatchee River Ranger District,795896.626,0.386132840452,6.27385658532
99061704010343,06,17,04,061704,Okanogan-Wenatchee National Forest,Methow Valley Ranger District,1334630.618,0.658877040062,6.95142292017
99060803010343,06,21,09,062109,Colville National Forest,Tonasket Ranger District,398630.242,0.197190600684,7.78227370324
99061702010343,06,17,02,061702,Okanogan-Wenatchee National Forest,Chelan Ranger District,412358.031,0.201673634784,4.47932937081
99060402010343,06,04,02,060402,Malheur National Forest,Emigrant Creek Ranger District,651936.329,0.295435084812,6.12635529414
99062105010343,06,21,05,062105,Colville National Forest,Sullivan Lake Ranger District,304257.869,0.150705757876,3.39001214435
11010724,06,21,12,062112,Colville National Forest,Three Rivers Ranger District,547875.499,0.27083610519,7.92619069555
99060203010343,06,02,03,060203,Fremont-Winema National Forest,Paisley Ranger District,323464.915,0.143614736837,2.88882611483
99061506010343,06,15,06,061506,Umpqua National Forest,North Umpqua Ranger District,268046.063,0.120398758835,2.31427037027
99061801010343,06,18,01,061801,Willamette National Forest,McKenzie River Ranger District,520794.207,0.237065524885,4.52133112507
99061605010343,06,16,05,061605,Wallowa-Whitman National Forest,Eagle Cap Ranger District,391533.401,0.181629847603,3.20060559466
99080811010343,08,08,11,080811,George Washington and Jefferson National Forest,Eastern Divide Ranger District,776693.691,0.319520901709,7.89959292288
99080804010343,08,08,04,080804,George Washington and Jefferson National Forest,Lee Ranger District,301836.852,0.126740580677,4.01004596281
99080802010343,08,08,02,080802,George Washington and Jefferson National Forest,North River Ranger District,543118.992,0.226656461255,3.1896927229
99080608010343,08,06,08,080608,Kisatchie National Forest,Caney Ranger District,59464.119,0.0231750395811,1.43643568887
99080214010343,08,02,14,080214,Daniel Boone National Forest,London Ranger District,507308.505,0.208536569536,5.30660994007
99080217010343,08,02,17,080217,Daniel Boone National Forest,Redbird Ranger District,682149.695,0.280002973022,3.52465032757
99080211010343,08,02,11,080211,Daniel Boone National Forest,Cumberland Ranger District,473616.627,0.196471372153,5.41670512723
99080903010343,08,09,03,080903,Ouachita National Forest,Cold Springs Ranger District,192522.886,0.0768866135389,1.72124789391
99080906010343,08,09,06,080906,Ouachita National Forest,Kiamichi Ranger District,126353.337,0.0502834480813,2.17155492025
99080901010343,08,09,01,080901,Ouachita National Forest,Choctaw Ranger District,138918.474,0.0553675522047,2.03220627013
99080909010343,08,09,09,080909,Ouachita National Forest,Poteau Ranger District,241949.877,0.0964970297848,2.40433076323
99080911010343,08,09,11,080911,Ouachita National Forest,Winona Ranger District,158864.263,0.0633733079522,1.39099474021
99080908010343,08,09,08,080908,Ouachita National Forest,Oden Ranger District,227001.741,0.0904061972531,1.98685917739
99080905010343,08,09,05,080905,Ouachita National Forest,Jessieville Ranger District,248905.44,0.0991408652892,1.88644299506
99080912010343,08,09,12,080912,Ouachita National Forest,Tiak Ranger District,444936.434,0.175890760592,3.23961403971
99080907010343,08,09,07,080907,Ouachita National Forest,Mena Ranger District,246863.452,0.0981439581057,3.15760872829
99080910010343,08,09,10,080910,Ouachita National Forest,Womble Ranger District,248260.863,0.0986661348315,2.56117029144
99041907010343,04,19,07,041907,Uinta-Wasatch-Cache National Forest,Logan Ranger District,368949.682,0.161647170669,2.77985745622
99080601010343,08,06,01,080601,Kisatchie National Forest,Catahoula Ranger District,188377.981,0.0724298812113,1.48973434359
99080603010343,08,06,03,080603,Kisatchie National Forest,Kisatchie Ranger District,175685.477,0.0674771040745,1.23584334096
99080602010343,08,06,02,080602,Kisatchie National Forest,Calcasieu Ranger District,312685.71,0.119642674992,2.49133991777
99080604010343,08,06,04,080604,Kisatchie National Forest,Winn Ranger District,326794.784,0.12609895804,3.33885455775
99081601010343,08,16,01,081601,El Yunque National Forest,Catalina Field Office,55812.38,0.0193002120762,0.753808977646
99080216010343,08,02,16,080216,Daniel Boone National Forest,Stearns Ranger District,379986.66,0.15514750033,2.96694795518
99081301010343,08,13,01,081301,National Forests in Texas,Angelina Ranger District,398144.431,0.152518937743,3.73271508414
99080405010343,08,04,02,080402,Cherokee National Forest,Unaka Ranger District,342490.045,0.13857209348,3.42569516663
99080404010343,08,04,04,080404,Cherokee National Forest,Tellico Ranger District,216849.621,0.0870519987792,1.8154684196
99080403010343,08,04,03,080403,Cherokee National Forest,Ocoee Ranger District,240197.27,0.0961337279495,1.82321202649
99080406010343,08,04,06,080406,Cherokee National Forest,Watauga Ranger District,428755.69,0.174291494648,2.76389423285
6ec8aa15-61d4-4862-9b02-f2cfd4438ca7,08,01,06,080106,National Forests in Alabama,Talladega Ranger District,247901.559,0.0971488446418,1.88974794905
d0f415ae-d626-436b-aaee-788748f65395,08,09,04,080904,Ouachita National Forest,Fourche Ranger District,196852.113,0.0786049506246,2.81640378566
99081105010343,08,11,05,081105,National Forests in North Carolina,Grandfather Ranger District,429209.075,0.173514748396,4.10640907243
99081104010343,08,11,04,081104,National Forests in North Carolina,Appalachian Ranger District,464260.731,0.187572001077,6.00911743252
99080708010343,08,07,04,080704,National Forests in Mississippi,Homochitto Ranger District,380642.159,0.146149217344,4.16755775469
99080902010343,08,09,02,080902,Ouachita National Forest,Caddo Ranger District,252967.699,0.100380211437,2.54883354585
99081303010343,08,13,03,081303,National Forests in Texas,Davy Crockett Ranger District,389557.34,0.149364597926,3.5337881804
99081201010343,08,12,04,081204,Francis Marion and Sumter National Forests,Enoree Ranger District,396010.087,0.157354472554,1.92670070962
99081203010343,08,12,03,081203,Francis Marion and Sumter National Forests,Long Cane Ranger District,424106.822,0.167369839139,3.38935298097
99081202010343,08,12,02,081202,Francis Marion and Sumter National Forests,Andrew Pickens Ranger District,140435.85,0.0560195300577,1.92382334576
99081307010343,08,13,07,081307,National Forests in Texas,Sabine Ranger District,454542.492,0.174618105364,3.74046012154
99080707010343,08,07,07,080707,National Forests in Mississippi,Holly Springs Ranger District,529020.314,0.210378565546,3.21079806355
99080701010343,08,07,01,080701,National Forests in Mississippi,Bienville Ranger District,388390.316,0.150454833163,2.04322442604
99081110010343,08,11,10,081110,National Forests in North Carolina,Uwharrie Ranger District,219709.502,0.0882125709663,2.87434645596
99080107010343,08,01,07,080107,National Forests in Alabama,Tuskegee Ranger District,15649.829,0.00607499374635,0.508415665937
99080717010343,08,07,17,080717,National Forests in Mississippi,Tombigbee Ranger District,119539.477,0.0469947728925,1.80590638112
99081006010343,08,10,06,081006,Ozark-St. Francis National Forest,Magazine Mountain Ranger District,132419.596,0.0530416857285,1.67549596736
99081003010343,08,10,03,081003,Ozark-St. Francis National Forest,Bayou Ranger District,301014.619,0.121142370374,2.0459803791
99081002010343,08,10,02,081002,Ozark-St. Francis National Forest,Buffalo Ranger District,315733.151,0.127429408309,2.60251638359
99081005010343,08,10,05,081005,Ozark-St. Francis National Forest,Boston Mountain Ranger District,308962.603,0.124581870608,2.9779493468
99081001010343,08,10,01,081001,Ozark-St. Francis National Forest,Sylamore Ranger District,171622.465,0.0694719968281,1.62569248394
99081004010343,08,10,04,081004,Ozark-St. Francis National Forest,Pleasant Hill Ranger District,272012.544,0.109599931316,1.8956933438
99081205010343,08,12,05,081205,Francis Marion and Sumter National Forests,Wambaw/Witherbee Ranger District,420401.743,0.164452695646,2.42163632429
99080706010343,08,07,06,080706,National Forests in Mississippi,Delta Ranger District,120747.78,0.0470167840808,1.49411149754
99080705010343,08,07,05,080705,National Forests in Mississippi,Chickasawhay Ranger District,193938.982,0.0745068958577,1.47788910175
99081304010343,08,13,04,081304,National Forests in Texas,Sam Houston Ranger District,495319.369,0.188424320962,3.21379050307
99080104010343,08,01,04,080104,National Forests in Alabama,Oakmulgee Ranger District,329344.947,0.12836840133,2.61330523659
99080105010343,08,01,05,080105,National Forests in Alabama,Shoal Creek Ranger District,176550.779,0.0694993520202,2.30547790067
99081308010343,08,13,08,081308,National Forests in Texas,Caddo - Lyndon B. Johnson National Grasslands,183888.039,0.0721779642519,2.33647443194
99060305010343,06,03,05,060305,Gifford Pinchot National Forest,Cowlitz Valley Ranger District,653197.211,0.309974108063,6.03059430546
99060303010343,06,03,03,060303,Gifford Pinchot National Forest,Mt. Adams Ranger District,710549.599,0.33409992408,5.44067443016
99060301010343,06,03,01,060301,Gifford Pinchot National Forest,Mount St. Helens National Volcanic Monument,132561.077,0.0625845776946,2.00416164842
99061708010343,06,17,08,061708,Okanogan-Wenatchee National Forest,Naches Ranger District,560541.66,0.267382428899,3.40426592046
99060505010343,06,05,05,060505,Mt. Baker-Snoqualmie National Forest,Snoqualmie Ranger District,536774.289,0.258311310019,6.44625713472
99060202010343,06,02,02,060202,Fremont-Winema National Forest,Lakeview Ranger District,443737.618,0.195741904363,4.41958831369
99060204010343,06,02,04,060204,Fremont-Winema National Forest,Silver Lake Ranger District,443202.8,0.198281727023,3.21136495769
99061501010343,06,15,01,061501,Umpqua National Forest,Cottage Grove Ranger District,88730.257,0.0400666730443,1.03843434625
99061503010343,06,15,03,061503,Umpqua National Forest,Diamond Lake Ranger District,316631.983,0.142026944207,2.0785486758
99061810010343,06,18,05,061805,Willamette National Forest,Middle Fork Ranger District,725799.324,0.328077575804,3.30931671712
99061502010343,06,15,02,061502,Umpqua National Forest,Tiller Ranger District,362434.891,0.161866755403,2.63631392146
99060102010343,06,01,02,060102,Deschutes National Forest,Crescent Ranger District,410536.96,0.184822258147,3.23866011367
99060101010343,06,01,01,060101,Deschutes National Forest,Bend/Fort Rock Ranger District,1061746.112,0.480286937905,5.3815334432
99090504010343,09,05,04,090504,Mark Twain National Forest,Poplar Bluff Ranger District,339123.15,0.13888107683,2.00676340744
99060105010343,06,01,05,060105,Deschutes National Forest,Sisters Ranger District,397832.937,0.181804883554,2.41969372011
99090523010343,09,05,23,090523,Mark Twain National Forest,Doniphan / Eleven Point Ranger District,505402.169,0.206552765702,2.72362279429
99090703010343,09,07,03,090703,Ottawa National Forest,Iron River Ranger District,227134.895,0.107167704788,1.50504816637
99090705010343,09,07,05,090705,Ottawa National Forest,Ontonagon Ranger District,182803.747,0.0869771216151,2.46204160759
99080505010343,08,05,05,080505,National Forests in Florida,Seminole Ranger District,210245.193,0.0788448898432,2.02679882447
99080502010343,08,05,02,080502,National Forests in Florida,Lake George Ranger District,232951.531,0.0875470712449,1.89714282107
99080702010343,08,07,02,080702,National Forests in Mississippi,De Soto Ranger District,640678.532,0.244601930067,3.70040553395
99080501010343,08,05,01,080501,National Forests in Florida,Apalachicola Ranger District,314236.085,0.119050661859,2.74185389788
99080506010343,08,05,06,080506,National Forests in Florida,Wakulla Ranger District,327796.286,0.124331936386,2.06743816889
99081007010343,08,10,07,081007,Ozark-St. Francis National Forest,St. Francis Ranger District,31135.213,0.0123901722976,0.797462023942
99080101010343,08,01,01,080101,National Forests in Alabama,Bankhead Ranger District,348735.864,0.138084407207,2.32672170868
99081109010343,08,11,09,081109,National Forests in North Carolina,Tusquittee Ranger District,397612.928,0.159107070981,3.31353451152
99081102010343,08,11,02,081102,National Forests in North Carolina,Cheoah Ranger District,205344.69,0.0824024640223,1.56913770321
99081111010343,08,11,11,081111,National Forests in North Carolina,Nantahala Ranger District,691398.924,0.27701207879900003,2.8997980776
99080306010343,08,03,06,080306,Chattahoochee-Oconee National Forests,Chattooga River Ranger District,452013.465,0.180145483275,3.83497074202
99080302010343,08,03,02,080302,Chattahoochee-Oconee National Forests,Blue Ridge Ranger District,583696.649,0.232627528993,3.20373391799
99080301010343,08,03,01,080301,Chattahoochee-Oconee National Forests,Conasauga Ranger District,484335.156,0.192899382373,3.62959374687
99080103010343,08,01,03,080103,National Forests in Alabama,Conecuh Ranger District,171329.656,0.0655447673041,1.63296447319
99081103010343,08,11,03,081103,National Forests in North Carolina,Croatan Ranger District,306670.233,0.122727960365,2.16890501504
99080308010343,08,03,08,080308,Chattahoochee-Oconee National Forests,Oconee Ranger District,276261.735,0.108316246217,3.97191043569
99080504010343,08,05,04,080504,National Forests in Florida,Osceola Ranger District,337981.188,0.128398380439,2.17854708477
99080812010343,08,08,12,080812,George Washington and Jefferson National Forest,Clinch Ranger District,319084.202,0.130673205628,4.42553804672
99080806010343,08,08,06,080806,George Washington and Jefferson National Forest,Warm Springs Ranger District,316979.924,0.13174044994,2.96980889921
99050452010343,05,04,52,050452,Inyo National Forest,Mammoth Ranger District,167275.266,0.0690890343538,1.63533148893
99050451010343,05,04,51,050451,Inyo National Forest,Mono Lake Ranger District,484973.87,0.201047808866,4.44619953552
99050453010343,05,04,53,050453,Inyo National Forest,White Mountain Ranger District,849963.815,0.350374384344,5.93854330623
99050551010343,05,05,51,050551,Klamath National Forest,Oak Knoll Ranger District,335238.594,0.147127391576,3.57156521007
99050152010343,05,01,52,050152,Angeles National Forest,San Gabriel Mountains National Monument Ranger District,369194.184,0.146347255757,2.98946830891
99050653010343,05,06,53,050653,Lassen National Forest,Hat Creek Ranger District,541876.448,0.234118412515,6.92273943622
99051354010343,05,13,54,051354,Sequoia National Forest,Kern River Ranger District,663361.391,0.267665618249,5.98670962757
99050355010343,05,03,55,050355,Eldorado National Forest,Pacific Ranger District,199660.131,0.0839125231397,1.77488110848
99051051010343,05,10,51,051051,Six Rivers National Forest,Gasquet Ranger District,358968.119,0.157313334052,2.57613913579
99050552010343,05,05,52,050552,Klamath National Forest,Happy Camp Ranger District,359549.496,0.15754101603,1.99935861102
99050558010343,05,05,58,050558,Klamath National Forest,Ukonom Ranger District,190320.795,0.0830377609144,1.78394775584
99050557010343,05,05,57,050557,Klamath National Forest,Goosenest Ranger District,361460.842,0.158161166438,10.4026355254
99050555010343,05,05,55,050555,Klamath National Forest,Scott River Ranger District,277429.313,0.121079365876,5.87375394643
99051052010343,05,10,52,051052,Six Rivers National Forest,Orleans Ranger District,219116.51,0.0953883962642,2.17417304863
99051353010343,05,13,52,051352,Sequoia National Forest,Western Divide Ranger District,337715.415,0.136822577153,2.85878360352
99051351010343,05,13,51,051351,Sequoia National Forest,Hume Lake Ranger District,183462.987,0.0749437214824,2.42476866856
99050151010343,05,01,51,050151,Angeles National Forest,Los Angeles Gateway Ranger District,337533.277,0.13408433359,4.15768116359
99050356010343,05,03,56,050356,Eldorado National Forest,Placerville Ranger District,205504.264,0.0861359821709,4.5118829828200004
99051757010343,05,17,57,051757,Tahoe National Forest,Truckee Ranger District,247330.016,0.104522724512,3.46088612441
99051754010343,05,17,54,051754,Tahoe National Forest,American River Ranger District,235338.637,0.0992587779909,2.65010322244
99050353010343,05,03,53,050353,Eldorado National Forest,Georgetown Ranger District,193082.9,0.0811780255063,2.49093653165
99050351010343,05,03,51,050351,Eldorado National Forest,Amador Ranger District,195405.308,0.0817600945893,3.45218406418
99050454010343,05,04,54,050454,Inyo National Forest,Mt. Whitney Ranger District,594793.327,0.242472107123,4.62174982678
99041552010343,04,15,52,041552,Caribou-Targhee National Forest,Ashton/Island Park Ranger District,668823.657,0.305323459488,6.2634186369
99041556010343,04,15,56,041556,Caribou-Targhee National Forest,Teton Basin Ranger District,267703.993,0.121021266182,3.27546765818
99040302010343,04,03,02,040302,Bridger-Teton National Forest,Big Piney Ranger District,449866.522,0.200863900095,3.52251448831
99040301010343,04,03,01,040301,Bridger-Teton National Forest,Kemmerer Ranger District,286027.975,0.126491423501,2.32109554023
99040306010343,04,03,06,040306,Bridger-Teton National Forest,Blackrock Ranger District,722458.897,0.327921677018,3.79798894677
99040304010343,04,03,04,040304,Bridger-Teton National Forest,Jackson Ranger District,695025.409,0.312805827023,5.04690336991
99040307010343,04,03,07,040307,Bridger-Teton National Forest,Pinedale Ranger District,827879.057,0.37022087183,5.61895790796
99011501010343,01,15,01,011501,Helena-Lewis and Clark National Forest,Rocky Mountain Ranger District,783923.217,0.38059288456,5.04906296909
99011807010343,01,18,07,011807,Dakota Prairie Grasslands,Medora Ranger District,1236510.15,0.589616900646,5.42008485839
99011808010343,01,18,08,011808,Dakota Prairie Grasslands,Mckenzie Ranger District,846089.522,0.40957664318,7.89162964587
99011104010343,01,11,04,011104,Custer Gallatin National Forest,Yellowstone Ranger District,794281.585,0.370249941567,7.1005621828
99050253010343,05,02,53,050253,Cleveland National Forest,Palomar Ranger District,186336.934,0.0729398878148,3.26766471396
99011801010343,01,18,01,011801,Dakota Prairie Grasslands,Sheyenne Ranger District,136912.862,0.0648656546296,1.64607398404
99011806010343,01,18,06,011806,Dakota Prairie Grasslands,Grand River Ranger District,448289.206,0.209717146918,5.39774702246
99050254010343,05,02,54,050254,Cleveland National Forest,Descanso Ranger District,214902.287,0.0837230272043,1.95690326261
99051552010343,05,15,52,051552,Sierra National Forest,High Sierra Ranger District,912076.031,0.374499085899,3.92023651819
99051753010343,05,17,53,051753,Tahoe National Forest,Yuba River Ranger District,465738.695,0.19731301942,4.60574024658
99051756010343,05,17,56,051756,Tahoe National Forest,Sierraville Ranger District,232161.689,0.0984467501009,3.64123706029
99051102010343,05,11,02,051102,Plumas National Forest,Mt. Hough Ranger District,546739.065,0.233521291714,4.67343029543
99051054010343,05,10,54,051054,Six Rivers National Forest,Mad River Ranger District,280272.718,0.120109350121,2.9933053734
99050856010343,05,08,56,050856,Mendocino National Forest,Covelo Ranger District,226938.635,0.096734211022,2.29992255846
99051053010343,05,10,53,051053,Six Rivers National Forest,Lower Trinity Ranger District,225179.79,0.0974043487876,3.55973370146
99051452010343,05,14,52,051452,Shasta-Trinity National Forest,Hayfork Ranger District,356909.113,0.153475021682,3.19675765511
99051451010343,05,14,51,051451,Shasta-Trinity National Forest,Yolla Bolla Ranger District,239483.668,0.10261381701,2.06066785062
99051454010343,05,14,54,051454,Shasta-Trinity National Forest,Big Bar Ranger District,444415.516,0.192155139632,2.94464026675
99021007010343,02,10,07,021007,Arapaho and Roosevelt National Forests,Clear Creek Ranger District,203540.045,0.0865045635374,3.83775901386
99021308010343,02,13,08,021308,San Juan National Forest,Columbine Ranger District,763504.652,0.314863281897,3.7132635718400002
99031001010343,03,10,01,031001,Santa Fe National Forest,Coyote Ranger District,268307.078,0.108808354491,2.64158961198
99060905010343,06,09,05,060905,Olympic National Forest,Pacific Ranger District/Forks,165823.046,0.0809219250255,2.89149805526
99091202010343,09,12,02,091202,Hoosier National Forest,Brownstown Ranger District,282292.391,0.118536683509,2.99247847786
99091204010343,09,12,04,091204,Hoosier National Forest,Tell City Ranger District,364656.443,0.151910978709,2.76044217401
99091401010343,09,14,01,091401,Wayne National Forest,Athens Ranger District,539201.516,0.228628591102,4.81499766923
99091305010343,09,13,05,091305,Chequamegon-Nicolet National Forest,Washburn Ranger District,234958.358,0.111562732337,2.11385319147
99091301010343,09,13,01,091301,Chequamegon-Nicolet National Forest,Medford-Park Falls Ranger District,346779.01,0.161765276107,2.72782956197
99091302010343,09,13,02,091302,Chequamegon-Nicolet National Forest,Great Divide Ranger District,457590.245,0.215566219407,2.55330911407
99091303010343,09,13,03,091303,Chequamegon-Nicolet National Forest,Eagle River-Florence Ranger District,429052.858,0.201336556299,3.06128314396
99091304010343,09,13,04,091304,Chequamegon-Nicolet National Forest,Lakewood-Laona Ranger District,536465.271,0.249592200385,3.87744275855
99090403010343,09,04,03,090403,Huron-Manistee National Forest,Manistee Ranger District,244676.445,0.111456423082,2.4262182184
99090404010343,09,04,04,090404,Huron-Manistee National Forest,White Cloud Ranger District,493937.513,0.222669248643,3.22698888455
99090406010343,09,04,06,090406,Huron-Manistee National Forest,Tawas Ranger District,198731.039,0.0908982956918,2.17384076129
99091005010343,09,10,05,091005,Hiawatha National Forest,St. Ignace Ranger District,199624.027,0.0939021304839,2.36992617797
99090405010343,09,04,05,090405,Huron-Manistee National Forest,Mio Ranger District,225549.376,0.103431097201,1.9812294281
99090505010343,09,05,05,090505,Mark Twain National Forest,Potosi / Fredericktown Ranger District,605865.432,0.25046001045,4.55684758277
99090507010343,09,05,07,090507,Mark Twain National Forest,Salem Ranger District,309564.539,0.127717954887,2.44083629723
99090521010343,09,05,21,090521,Mark Twain National Forest,Ava/Cassville/Willow Springs Ranger District,732308.05,0.299014459475,6.33221044375
99090503010343,09,05,03,090503,Mark Twain National Forest,Houston/Rolla/Cedar Creek Ranger District,579157.057,0.239795042228,4.69530070318
99040201010343,04,02,01,040201,Boise National Forest,Mountain Home Ranger District,734791.74,0.331241482076,4.86685790859
99021005010343,02,10,05,021005,Arapaho and Roosevelt National Forests,Canyon Lakes Ranger District,839116.081,0.361714538723,5.19921386009
99020308010343,02,03,08,020308,Black Hills National Forest,Northern Hills Ranger District,375747.219,0.171433472506,2.98247625984
99060609010343,06,06,09,060609,Mt. Hood National Forest,Zigzag Ranger District,266679.216,0.123915995276,2.64460019579
99092003010343,09,20,03,092003,Green Mountain and Finger Lakes National Forests,Hector Ranger District,16837.941,0.00746487879201,1.9569724454
99092104010343,09,21,04,092104,Monongahela National Forest,Marlinton Ranger District,311249.398,0.129730928987,3.07102555599
99091403010343,09,14,03,091403,Wayne National Forest,Ironton Ranger District,316982.269,0.132835405692,2.07648276808
99050955010343,05,09,55,050955,Modoc National Forest,Devils Garden Ranger District,596525.511,0.261114357282,2.9945691314
99081107010343,08,11,07,081107,National Forests in North Carolina,Pisgah Ranger District,311086.809,0.124780121891,2.22328215461
99100410010343,10,04,10,100410,Chugach National Forest,Glacier Ranger District,2600500.835,1.73272791963,65.4713625086
99100420010343,10,04,20,100420,Chugach National Forest,Cordova Ranger District,2776120.029,1.8396558793,72.1405173368
99100430010343,10,04,30,100430,Chugach National Forest,Seward Ranger District,868071.197,0.574066201706,7.96932203972
99100554010343,10,05,54,100554,Tongass National Forest,Thorne Bay Ranger District,1021659.881,0.593516882079,38.5436392563
99100533010343,10,05,33,100533,Tongass National Forest,Juneau Ranger District,3501271.496,2.1741297913,35.8166160646
99100534010343,10,05,34,100534,Tongass National Forest,Admiralty National Monument,1019255.037,0.62029256514,20.7112903115
99100535010343,10,05,35,100535,Tongass National Forest,Yakutat Ranger District,1255372.155,0.806977956008,13.7269762092
99100521010343,10,05,21,100521,Tongass National Forest,Petersburg Ranger District,1946414.831,1.15864492192,49.3698779316
99100522010343,10,05,22,100522,Tongass National Forest,Wrangell Ranger District,1738299.99,1.02352175358,36.0341636701
99100552010343,10,05,52,100552,Tongass National Forest,Ketchikan - Misty Ranger District,3329765.66,1.92094032225,50.4308639139
99100551010343,10,05,10,100510,Tongass National Forest,Craig Ranger District,1288078.357,0.7351186272,67.4101392707
99100531010343,10,05,31,100531,Tongass National Forest,Sitka Ranger District,1926512.145,1.16004255454,65.1265215986
99100532010343,10,05,32,100532,Tongass National Forest,Hoonah Ranger District,673051.993,0.413982063956,18.8779640233
99050651010343,05,06,51,050651,Lassen National Forest,Almanor Ranger District,549816.535,0.235456398324,8.75751634793
99050658010343,05,06,58,050658,Lassen National Forest,Eagle Lake Ranger District,397018.992,0.170906317916,5.39647211029
99051103010343,05,11,03,051103,Plumas National Forest,Feather River Ranger District,392504.835,0.166851427858,6.85562515868
99050755010343,05,07,55,050755,Los Padres National Forest,Ojai Ranger District,323856.968,0.12869516897,2.32600421243
99050753010343,05,07,53,050753,Los Padres National Forest,Santa Lucia Ranger District,514028.634,0.205527739941,5.26821604082
99051253010343,05,12,53,051253,San Bernardino National Forest,Front Country Ranger District,270913.95,0.107202245772,4.14701607985
99051255010343,05,12,55,051255,San Bernardino National Forest,San Jacinto Ranger District,249325.445,0.0980525987049,2.19267174987
99050754010343,05,07,54,050754,Los Padres National Forest,Santa Barbara Ranger District,305051.645,0.12127359117,2.86544777856
99050757010343,05,07,57,050757,Los Padres National Forest,Mt. Pinos Ranger District,493676.988,0.196695310711,3.43390108293
99050854010343,05,08,54,050854,Mendocino National Forest,Upper Lake Ranger District,312315.725,0.132092637324,2.45915289928
99050954010343,05,09,54,050954,Modoc National Forest,Big Valley Ranger District,495242.269,0.215321274397,5.50548806874
99051461010343,05,14,61,051461,Shasta-Trinity National Forest,McCloud Ranger District,420114.315,0.18287508968,9.12264444249
99050953010343,05,09,53,050953,Modoc National Forest,Warner Mountain Ranger District,361422.455,0.157716013308,3.00930573343
99061201010343,06,12,01,061201,Siuslaw National Forest,Hebo Ranger District,179715.524,0.0831925355053,6.40922942625
99060506010343,06,05,06,060506,Mt. Baker-Snoqualmie National Forest,Skykomish Ranger District,367399.944,0.178475867422,7.10186364431
99050751010343,05,07,51,050751,Los Padres National Forest,Monterey Ranger District,333703.014,0.135248665624,4.05699187548
99050853010343,05,08,53,050853,Mendocino National Forest,Grindstone Ranger District,534245.429,0.226961122135,3.36714177988
99051252010343,05,12,52,051252,San Bernardino National Forest,Mountaintop Ranger District,285393.385,0.113045077028,2.1955911893
99010204010343,01,02,04,010204,Beaverhead-Deerlodge National Forest,Butte Ranger District,675794.084,0.317824047434,12.3498641866
99011507010343,01,15,07,011507,Helena-Lewis and Clark National Forest,Belt Creek-White Sulphur Springs Ranger District,654431.121,0.312106790675,5.89678281809
99011506010343,01,15,06,011506,Helena-Lewis and Clark National Forest,Judith-Musselshell Ranger District,564105.723,0.269253233956,6.2093113835
99030304010343,03,03,04,030304,Cibola National Forest,Mountainair Ranger District,255680.068,0.101515059432,3.12523319182
99030503010343,03,05,03,030503,Coronado National Forest,Sierra Vista Ranger District,321532.477,0.12353419202,2.85409485732
99090701010343,09,07,01,090701,Ottawa National Forest,Bergland Ranger District,268259.978,0.127473146923,2.49631940607
99091002010343,09,10,02,091002,Hiawatha National Forest,Manistique Ranger District,198261.008,0.0932617737519,1.64335310266
99091004010343,09,10,04,091004,Hiawatha National Forest,Sault Ste. Marie Ranger District,303206.224,0.143338268651,1.85902194472
99090706010343,09,07,06,090706,Ottawa National Forest,Watersmeet Ranger District,261339.147,0.123490438783,1.67565074931
99090702010343,09,07,02,090702,Ottawa National Forest,Bessemer Ranger District,358846.301,0.170036640694,3.00773935956
99092002010343,09,20,02,092002,Green Mountain and Finger Lakes National Forests,Manchester Ranger District,600709.288,0.26864757029,3.58275449181
99092001010343,09,20,01,092001,Green Mountain and Finger Lakes National Forests,Middlebury Ranger District,117109.926,0.0531158236244,2.04414823512
99092005010343,09,20,05,092005,Green Mountain and Finger Lakes National Forests,Rochester Ranger District,119267.055,0.0540801213316,3.44097994998
99092101010343,09,21,01,092101,Monongahela National Forest,Cheat Ranger District,257580.262,0.108510745268,1.87740888874
99092102010343,09,21,06,092106,Monongahela National Forest,White Sulphur Ranger District,147388.501,0.0611602768955,1.73847283254
99092103010343,09,21,03,092103,Monongahela National Forest,Greenbrier Ranger District,402327.546,0.168427472572,2.40990093026
99092106010343,09,21,02,092102,Monongahela National Forest,Gauley Ranger District,293647.658,0.122297821995,1.85439468916
99092206010343,09,22,06,092206,White Mountain National Forest,Massabesic Experimental Forest,11790.62,0.00531015879464,0.494303710772
99092205010343,09,22,05,092205,White Mountain National Forest,Saco Ranger District,283120.764,0.128877834602,3.9572883
99092202010343,09,22,02,092202,White Mountain National Forest,Androscoggin Ranger District,239236.355,0.109349195151,4.03790168124
99092204010343,09,22,04,092204,White Mountain National Forest,Pemigewasset Ranger District,412965.856,0.187694435989,6.18040738467
99090401010343,09,04,01,090401,Huron-Manistee National Forest,Baldwin Ranger District,377154.176,0.170999192441,2.76970734631
99090402010343,09,04,02,090402,Huron-Manistee National Forest,Cadillac Ranger District,217060.252,0.0989429058187,2.80624975049
99090407010343,09,04,07,090407,Huron-Manistee National Forest,Harrisville Ranger District,270735.71,0.124305451715,2.79019018443
99091003010343,09,10,03,091003,Hiawatha National Forest,Munising Ranger District,303625.205,0.143555363988,3.29940568461
99090301010343,09,03,01,090301,Chippewa National Forest,Blackduck Ranger District,458601.325,0.221971236527,2.44485431571
99091001010343,09,10,01,091001,Hiawatha National Forest,Rapid River Ranger District,295604.21,0.138848778184,3.06187564258
99090303010343,09,03,03,090303,Chippewa National Forest,Deer River Ranger District,660586.865,0.318976990642,3.66416974234
99091902010343,09,19,02,091902,Allegheny National Forest,Marienville Ranger District,367113.027,0.160288659798,3.34478749579
99091903010343,09,19,03,091903,Allegheny National Forest,Bradford Ranger District,373760.189,0.163777277855,2.96469808718
99090804010343,09,08,04,090804,Shawnee National Forest,Hidden Springs Ranger District,556396.609,0.229452825001,3.53164472902
99090802010343,09,08,02,090802,Shawnee National Forest,Mississippi Bluffs Ranger District,373630.964,0.154125861558,4.01031734253
99090906010343,09,09,06,090906,Superior National Forest,Lacroix Ranger District,1035049.538,0.506611470558,5.77576666822
99090901010343,09,09,01,090901,Superior National Forest,Laurentian Ranger District,751115.892,0.362939199037,4.9657707032
99090902010343,09,09,02,090902,Superior National Forest,Gunflint Ranger District,644051.409,0.313913817132,4.26109032455
99090907010343,09,09,07,090907,Superior National Forest,Tofte Ranger District,739293.634,0.358943360212,3.42047428975
99090302010343,09,03,02,090302,Chippewa National Forest,Walker Ranger District,478866.018,0.229797763133,2.65447888676
